"X","orf","pos","mrna_con","gdna_reads","gdna_con","octo10_A","octo10_C","octo10_G","octo10_T","octo10_tot","octo4_A","octo4_C","octo4_G","octo4_T","octo4_tot","octo6_A","octo6_C","octo6_G","octo6_T","octo6_tot","octo7_A","octo7_C","octo7_G","octo7_T","octo7_tot","octo8_A","octo8_C","octo8_G","octo8_T","octo8_tot","octo9_A","octo9_C","octo9_G","octo9_T","octo9_tot","genomic_codon","edited_codon","genomic_aa","edited_aa","edit_pos","upstream_base","downstream_base","A","C","G","T","edited","edited_reads","octo10_per","octo4_per","octo6_per","octo7_per","octo8_per","octo9_per","tstat","pval","padj","acc","protein_name","diff","per_hi","per_lo"
207,"lcl|TRINITY_DN2112_c0_g1_i23:c917-3",33,"G",6,"A",6,0,2,0,8,6,0,1,0,7,4,0,6,0,10,6,0,11,0,17,2,0,3,0,5,7,0,2,0,9,"AAA","GAA","Lys","Glu",0,"G","A",31,0,25,0,"G",25,0.25,0.142857142857143,0.6,0.647058823529412,0.6,0.222222222222222,9.04547467772629,0.000421122175746863,0.0012464443274965,"G5E8P0.1","Gamma-tubulin complex component 6 (GCP-6)",0.410659819483349,0.205026455026455,0.615686274509804
2568,"lcl|TRINITY_DN4969_c1_g1_i4:c748-224",190,"G",1,"A",0,0,27,0,27,2,0,36,0,38,15,0,18,0,33,2,0,43,0,45,1,0,12,0,13,0,0,21,0,21,"TAT","TGT","Tyr","Cys",1,"T","T",20,0,157,0,"G",157,1,0.947368421052632,0.545454545454545,0.955555555555556,0.923076923076923,1,7.03030066099987,0.000777708745340311,0.00226670043113272,"Q6ZN57.1","Zinc finger protein ZFP2 (Zfp-2) (Zinc finger protein 751)",0.174427132321869,0.982456140350877,0.808029008029008
30077,"lcl|TRINITY_DN22912_c0_g1_i1:76-468",310,"A",146,"A",29,0,3,1,33,52,0,3,0,55,9,0,47,0,56,59,2,3,0,64,34,0,5,4,43,25,0,1,0,26,"AAC","AGC","Asn","Ser",1,"A","C",208,2,62,5,"G",62,0.121212121212121,0.0545454545454546,0.839285714285714,0.078125,0.209302325581395,0.0384615384615384,8.49031943032203,0.000494408372565148,0.00145861152165611,"P16425.1","Putative 115 kDa protein in type-1 retrotransposable element R1DM (ORF 2) (Putative 115 kDa protein in type I retrotransposable element R1DM)",0.304164641882665,0.0714063714063714,0.375571013289037
36479,"lcl|TRINITY_DN26251_c1_g1_i4:17-634",241,"A",73,"A",27,0,1,1,29,46,0,2,0,48,7,0,0,0,7,48,0,5,0,53,32,0,5,12,49,29,0,1,0,30,"CAA","CGA","Gln","Arg",1,"C","A",189,0,14,13,"G",14,0.0689655172413793,0.0416666666666666,0,0.0943396226415094,0.346938775510204,0.0333333333333333,6.51225035244547,0.000914436724478902,0.00265150661737538,"Q8TF32.2","Zinc finger protein 431",0.0991042936367781,0.0479885057471264,0.147092799383905
52181,"lcl|TRINITY_DN2478_c8_g1_i1:c216-1",61,"A",159,"A",12,0,0,1,13,29,1,1,0,31,13,0,0,0,13,11,0,0,0,11,4,0,3,1,8,8,0,0,0,8,"AAA","AGA","Lys","Arg",1,"A","A",77,1,4,2,"G",4,0.0769230769230769,0.0645161290322581,0,0,0.5,0,3.54447842657931,0.00343241918829521,0.00935102073273962,"P14381.1","Transposon TX1 uncharacterized 149 kDa protein (ORF 2)",0.119520264681555,0.0471464019851117,0.166666666666667
59689,"lcl|TRINITY_DN8412_c1_g2_i1:14-211",82,"A",139,"A",11,0,0,0,11,48,0,0,0,48,0,0,4,0,4,17,0,0,2,19,18,0,0,1,19,36,0,7,0,43,"GAA","GGA","Glu","Gly",1,"G","A",130,0,11,3,"G",11,0,0,1,0.105263157894737,0.0526315789473685,0.162790697674419,4.32238957221551,0.00218327237088503,0.00608830227978591,"P12262.3","Elongation factor 1-beta (EF-1-beta)",0.331701346389229,0.0542635658914729,0.385964912280702
62871,"lcl|TRINITY_DN2112_c0_g1_i23:c917-3",649,"A",9,"A",65,0,1,0,66,89,0,1,0,90,15,0,0,0,15,96,0,0,1,97,44,0,0,0,44,101,0,2,0,103,"AAA","AGA","Lys","Arg",1,"A","A",410,0,4,1,"G",4,0.0151515151515151,0.0111111111111111,0,0.0103092783505154,0,0.0194174757281553,3.47644358246075,0.00358227305343111,0.00973173666003322,"Q8NDW4.1","Zinc finger protein 248",0.0117902745467554,0.0152267006635938,0.00343642611683848
79490,"lcl|TRINITY_DN2112_c0_g1_i1:c749-3",174,"A",30,"A",23,0,0,0,23,26,0,0,0,26,19,2,7,0,28,52,0,5,0,57,27,0,3,0,30,31,0,1,0,32,"ACA","GCA","Thr","Ala",0,"T","C",178,2,16,0,"G",16,0,0,0.321428571428571,0.0877192982456141,0.1,0.03125,10.8135943795591,0.000289863315773815,0.000864845045679526,"O75373.3","Zinc finger protein 737 (Zinc finger protein 102)",0.159299289891395,0.0104166666666667,0.169715956558062
85553,"lcl|TRINITY_DN2112_c0_g1_i23:c917-3",342,"A",19,"A",24,1,0,0,25,33,0,1,0,34,24,1,4,0,29,46,0,3,0,49,33,0,6,0,39,31,1,0,0,32,"ACA","GCA","Thr","Ala",0,"T","C",191,3,14,0,"G",14,0.04,0.0294117647058824,0.172413793103448,0.0612244897959183,0.153846153846154,0.03125,20.6968227710944,7.76614921507202e-05,0.000235961511584984,"Q6ZN57.1","Zinc finger protein ZFP2 (Zfp-2) (Zinc finger protein 751)",0.095607557346546,0.0335539215686275,0.129161478915173
86012,"lcl|TRINITY_DN8628_c0_g5_i1:173-337",49,"A",86,"A",11,0,3,0,14,36,1,1,0,38,0,0,2,0,2,28,0,1,0,29,35,0,0,6,41,20,0,2,1,23,"CAT","CGT","His","Arg",1,"C","T",130,1,9,7,"G",9,0.214285714285714,0.0526315789473685,1,0.0344827586206896,0.146341463414634,0.130434782608696,3.95630557710787,0.00265799191445423,0.00733773316822337,"Q24251.2","ATP synthase subunit d, mitochondrial (ATPase subunit d)",0.261157382064515,0.132450691947259,0.393608074011775
86207,"lcl|TRINITY_DN2112_c0_g1_i23:c917-3",622,"A",10,"A",70,0,0,0,70,92,0,2,0,94,14,0,1,0,15,97,0,1,0,98,39,1,1,0,41,101,0,0,0,101,"AAA","AGA","Lys","Arg",1,"A","A",413,1,5,0,"G",5,0,0.0212765957446809,0.0666666666666667,0.0102040816326531,0.0487804878048781,0,3.46878875115971,0.00359211746792909,0.00975572791352686,"Q24251.2","ATP synthase subunit d, mitochondrial (ATPase subunit d)",0.0347915467865056,0.00709219858156029,0.0418837453680659
92625,"lcl|TRINITY_DN25809_c0_g2_i4:c249-1",207,"A",9,"A",16,0,1,0,17,27,0,0,0,27,0,0,1,0,1,40,0,0,0,40,19,0,1,0,20,9,0,0,0,9,"AGT","GGT","Ser","Gly",0,"T","G",111,0,3,0,"G",3,0.0588235294117647,0,1,0,0.05,0,11.9147492629933,0.000231890652619052,0.00069474889362976,"Q9Z0Z3.1","S-phase kinase-associated protein 2 (Cyclin-A/CDK2-associated protein p45) (F-box protein Skp2) (F-box/WD-40 protein 1) (FWD1)",0.330392156862745,0.0196078431372549,0.35
94690,"lcl|TRINITY_DN4969_c1_g1_i4:c748-224",214,"A",2,"A",28,0,0,0,28,35,0,1,0,36,44,0,0,0,44,53,0,0,0,53,15,0,5,0,20,29,0,0,0,29,"CAT","CGT","His","Arg",1,"C","T",204,0,6,0,"G",6,0,0.0277777777777778,0,0,0.25,0,5.65685424949238,0.00125133446507639,0.00358567009436424,"Q6ZRS2.3","Helicase SRCAP (EC 3.6.4.-) (Domino homolog 2) (Snf2-related CBP activator)",0.0740740740740741,0.00925925925925926,0.0833333333333333
100644,"lcl|TRINITY_DN14895_c0_g1_i6:c271-2",141,"A",33,"A",11,0,0,0,11,23,0,1,0,24,6,0,0,1,7,14,0,0,0,14,5,1,1,1,8,11,0,0,0,11,"AAA","GAA","Lys","Glu",0,"C","A",70,1,2,2,"G",2,0,0.0416666666666666,0.142857142857143,0,0.375,0,8.0812203564177,0.000557850154885455,0.00164094142928788,"Q9UBU9.1","Nuclear RNA export factor 1 (Tip-associated protein) (Tip-associating protein) (mRNA export factor TAP)",0.158730158730159,0.0138888888888889,0.172619047619048
105233,"lcl|TRINITY_DN46147_c0_g2_i1:c1242-112",793,"A",56,"A",76,0,6,0,82,138,0,0,0,138,128,0,83,0,211,263,0,7,0,270,115,0,5,0,120,106,0,0,0,106,"AAC","AGC","Asn","Ser",1,"A","C",826,0,101,0,"G",101,0.073170731707317,0,0.393364928909953,0.0259259259259259,0.0416666666666666,0,3.7474911391565,0.00300801554104902,0.00824897096563505,"Q58A42.1","Protein DD3-3",0.129262263265076,0.024390243902439,0.153652507167515
117503,"lcl|TRINITY_DN3775_c1_g1_i5:c1769-798",426,"A",182,"A",41,0,0,0,41,60,0,1,0,61,96,0,0,0,96,21,0,0,0,21,6,0,1,0,7,49,0,0,0,49,"AAT","GAT","Asn","Asp",0,"T","A",273,0,2,0,"G",2,0,0.0163934426229508,0,0,0.142857142857143,0,5.45482374058193,0.00134430949089064,0.00384065829757972,"Q9FN03.1","Ultraviolet-B receptor UVR8 (Protein UV-B RESISTANCE 8) (RCC1 domain-containing protein UVR8)",0.0421545667447307,0.00546448087431695,0.0476190476190476
121402,"lcl|TRINITY_DN42835_c0_g2_i1:c578-291",82,"A",21,"A",12,0,1,0,13,23,0,0,0,23,0,0,7,0,7,43,0,1,0,44,33,0,0,0,33,18,0,0,0,18,"CAT","CGT","His","Arg",1,"C","T",129,0,9,0,"G",9,0.0769230769230769,0,1,0.0227272727272727,0,0,8.69419928686187,0.000465968952904321,0.00137658527892761,"O88281.1","Multiple epidermal growth factor-like domains protein 6 (Multiple EGF-like domains protein 6) (Epidermal growth factor-like protein 3) (EGF-like protein 3)",0.315268065268065,0.0256410256410256,0.340909090909091
123584,"lcl|TRINITY_DN38418_c0_g2_i1:7-222",166,"A",93,"A",11,0,3,0,14,16,0,7,0,23,4,0,0,0,4,23,0,1,0,24,18,0,2,0,20,24,0,7,0,31,"AAC","AGC","Asn","Ser",1,"A","C",96,0,20,0,"G",20,0.214285714285714,0.304347826086957,0,0.0416666666666666,0.1,0.225806451612903,5.02090461927997,0.00162104692066715,0.00459322398113092,"Q6YHK3.2","CD109 antigen (150 kDa TGF-beta-1-binding protein) (C3 and PZP-like alpha-2-macroglobulin domain-containing protein 7) (Platelet-specific Gov antigen) (p180) (r150) (CD antigen CD109)",0.200924441772969,0.248146663995191,0.0472222222222222
130403,"lcl|TRINITY_DN6660_c0_g1_i8:c369-1",250,"A",76,"A",25,1,0,0,26,21,0,0,0,21,1,3,5,0,9,37,0,2,1,40,24,0,0,0,24,36,0,1,0,37,"AAC","AGC","Asn","Ser",1,"A","C",144,4,8,1,"G",8,0.0384615384615384,0,0.888888888888889,0.075,0,0.027027027027027,18.5701642697637,9.62564973135687e-05,0.000291941553731026,"Q03278.2","Retrovirus-related Pol polyprotein from type-1 retrotransposable element R2 (Retrovirus-related Pol polyprotein from type I retrotransposable element R2) [Includes: Reverse transcriptase (EC 2.7.7.49); Endonuclease]",0.299466774466774,0.0218295218295218,0.321296296296296
135616,"lcl|TRINITY_DN16477_c0_g2_i1:c308-3",240,"A",80,"A",11,0,1,0,12,2,0,0,0,2,8,0,0,0,8,12,1,5,0,18,3,0,2,0,5,10,0,1,0,11,"AGA","GGA","Arg","Gly",0,"C","G",46,1,9,0,"G",9,0.0833333333333334,0,0,0.333333333333333,0.4,0.0909090909090909,4.52496832539905,0.00199950996692277,0.00560389796165607,"O00370.1","LINE-1 retrotransposable element ORF2 protein (ORF2p) [Includes: Reverse transcriptase (EC 2.7.7.49); Endonuclease (EC 3.1.21.-)]",0.186363636363636,0.0580808080808081,0.244444444444444
139320,"lcl|TRINITY_DN22912_c0_g1_i1:76-468",361,"A",85,"A",20,0,2,0,22,30,0,0,1,31,35,0,20,0,55,24,0,3,0,27,23,0,5,0,28,19,0,0,0,19,"GAT","GGT","Asp","Gly",1,"G","T",151,0,30,1,"G",30,0.0909090909090909,0.032258064516129,0.363636363636364,0.111111111111111,0.178571428571429,0,4.69602580549931,0.00185731286861863,0.00522635372173293,"Q8CGC6.4","RNA-binding protein 28 (RNA-binding motif protein 28)",0.176717249297895,0.0410557184750733,0.217772967772968
156528,"lcl|TRINITY_DN10664_c3_g1_i1:c226-2",123,"A",67,"A",26,0,0,0,26,32,0,3,0,35,12,0,23,0,35,30,0,0,4,34,41,0,2,0,43,12,0,1,0,13,"AAA","GAA","Lys","Glu",0,"T","A",153,0,29,4,"G",29,0,0.0857142857142857,0.657142857142857,0.117647058823529,0.0465116279069767,0.0769230769230769,5.7024778402036,0.001227270340748,0.00352018277589333,"Q5EFX7.1","GTPase KRas (EC 3.6.5.2) (Ki-Ras) (K-ras)",0.219554727078667,0.0542124542124542,0.273767181291121
162951,"lcl|TRINITY_DN26251_c1_g1_i4:17-634",414,"A",11,"A",20,0,2,0,22,24,0,1,0,25,25,0,6,0,31,19,2,2,0,23,15,3,3,0,21,26,0,2,0,28,"AGT","GGT","Ser","Gly",0,"T","G",129,5,16,0,"G",16,0.0909090909090909,0.04,0.193548387096774,0.173913043478261,0.285714285714286,0.0714285714285714,7.16520866553737,0.000744894030347048,0.00217394082885438,"P36956.2","Sterol regulatory element-binding protein 1 (SREBP-1) (Class D basic helix-loop-helix protein 1) (bHLHd1) (Sterol regulatory element-binding transcription factor 1) [Cleaved into: Processed sterol regulatory element-binding protein 1 (Transcription factor SREBF1)]",0.150279351317219,0.0674458874458875,0.217725238763107
164896,"lcl|TRINITY_DN10665_c0_g1_i1:61-261",78,"A",44,"A",12,3,0,0,15,12,0,1,0,13,0,0,5,0,5,28,0,0,0,28,7,0,3,0,10,23,0,3,0,26,"ACC","GCC","Thr","Ala",0,"T","C",82,3,12,0,"G",12,0.2,0.0769230769230769,1,0,0.3,0.115384615384615,5.88530508303503,0.00114523355326485,0.00329292677930998,"O02751.2","Craniofacial development protein 2 (p97 bucentaur protein)",0.302564102564103,0.130769230769231,0.433333333333333
177463,"lcl|TRINITY_DN1989_c3_g1_i1:118-372",69,"A",16,"A",9,0,1,0,10,15,0,0,0,15,0,0,6,0,6,8,2,0,0,10,4,0,0,0,4,8,0,0,0,8,"AAT","GAT","Asn","Asp",0,"T","A",44,2,7,0,"G",7,0.1,0,1,0.2,0,0,7.77817459305202,0.000609259875041565,0.00178790887621363,"A2VD82.1","Tetratricopeptide repeat protein 38 (TPR repeat protein 38)",0.366666666666667,0.0333333333333333,0.4
179043,"lcl|TRINITY_DN75977_c0_g1_i1:27-230",84,"A",16,"A",11,1,0,0,12,32,0,1,0,33,9,0,6,0,15,9,0,9,0,18,10,1,4,0,15,22,0,1,0,23,"ATG","GTG","Met","Val",0,"C","T",93,2,21,0,"G",21,0.0833333333333334,0.0303030303030303,0.4,0.5,0.333333333333333,0.0434782608695652,15.912620402367,0.000125789740807505,0.00038019719735007,"Q2VPU4.1","MLX-interacting protein (Transcriptional activator MondoA)",0.358739569609135,0.0523715415019763,0.411111111111111
182256,"lcl|TRINITY_DN16006_c2_g2_i2:295-594",237,"A",40,"A",2,0,0,0,2,15,0,0,0,15,0,0,9,0,9,25,3,1,0,29,26,0,0,0,26,59,0,0,2,61,"AGC","GGC","Ser","Gly",0,"T","G",127,3,10,2,"G",10,0,0,1,0.137931034482759,0,0.0327868852459017,23.8343751244776,6.34417823203066e-05,0.000193097666131225,"O75346.2","Zinc finger protein 253 (Bone marrow zinc finger 1) (BMZF-1) (Zinc finger protein 411)",0.368381383078952,0.0109289617486339,0.379310344827586
188966,"lcl|TRINITY_DN46147_c0_g2_i1:c1242-112",967,"A",49,"A",101,0,3,0,104,87,0,2,0,89,16,0,0,0,16,139,0,20,0,159,93,0,6,0,99,89,0,0,0,89,"AAG","AGG","Lys","Arg",1,"A","G",525,0,31,0,"G",31,0.0288461538461539,0.0224719101123596,0,0.125786163522013,0.0606060606060606,0,3.63908382420646,0.00321584206933968,0.00878714244003509,"P06882.4","Thyroglobulin (Tg)",0.0450247200565199,0.0171060213195045,0.0621307413760244
201603,"lcl|TRINITY_DN11894_c0_g1_i5:c237-1",153,"A",83,"A",19,0,1,0,20,22,0,3,0,25,2,0,2,0,4,20,0,0,0,20,15,2,0,0,17,14,0,1,0,15,"AAC","GAC","Asn","Asp",0,"T","A",92,2,7,0,"G",7,0.05,0.12,0.5,0,0.117647058823529,0.0666666666666667,4.25358661252465,0.00225546474387021,0.00627864596152487,"Q9HBT7.2","Zinc finger protein 287 (Zinc finger protein with KRAB and SCAN domains 13)",0.126993464052288,0.0788888888888889,0.205882352941176
205163,"lcl|TRINITY_DN11894_c0_g1_i4:c237-1",153,"A",77,"A",31,1,3,0,35,24,0,3,0,27,5,0,0,0,5,14,1,0,0,15,12,2,0,0,14,13,0,2,0,15,"AAC","GAC","Asn","Asp",0,"T","A",99,4,8,0,"G",8,0.114285714285714,0.111111111111111,0,0.0666666666666667,0.142857142857143,0.133333333333333,5.06814034056162,0.00158932602950699,0.00450823796842154,"O95620.2","tRNA-dihydrouridine(20a/20b) synthase [NAD(P)+]-like (EC 1.3.1.90) (pp35) (tRNA-dihydrouridine synthase 4-like)",0.0497354497354497,0.11957671957672,0.0698412698412699
224129,"lcl|TRINITY_DN16006_c2_g2_i1:295-510",153,"A",48,"A",6,1,0,0,7,12,0,0,0,12,0,0,2,0,2,22,0,2,0,24,12,0,0,0,12,35,0,0,0,35,"AGC","GGC","Ser","Gly",0,"T","G",87,1,4,0,"G",4,0.142857142857143,0,1,0.0833333333333334,0,0,4.65511964281144,0.00188903375977879,0.00531101140679859,"Q3ZBH0.3","T-complex protein 1 subunit beta (TCP-1-beta) (CCT-beta)",0.313492063492063,0.0476190476190476,0.361111111111111
240011,"lcl|TRINITY_DN2944_c2_g1_i1:c218-3",123,"A",81,"A",79,0,2,0,81,135,0,1,0,136,0,0,2,0,2,102,1,0,0,103,89,0,0,0,89,105,1,0,0,106,"AAA","GAA","Lys","Glu",0,"T","A",510,2,5,0,"G",5,0.0246913580246914,0.00735294117647056,1,0.00970873786407767,0,0.00943396226415094,41.7534907445984,2.62517719946096e-05,8.02981000428834e-05,"Q9Y5Q9.1","General transcription factor 3C polypeptide 3 (Transcription factor IIIC 102 kDa subunit) (TFIIIC 102 kDa subunit) (TFIIIC102) (Transcription factor IIIC subunit gamma) (TF3C-gamma)",0.322743492132922,0.0138260871551043,0.336569579288026
249070,"lcl|TRINITY_DN10440_c1_g2_i2:247-495",63,"A",78,"A",35,0,0,1,36,54,0,0,0,54,5,0,0,0,5,62,0,0,0,62,34,0,14,0,48,54,0,0,0,54,"AAA","GAA","Lys","Glu",0,"C","A",244,0,14,1,"G",14,0.0277777777777778,0,0,0,0.291666666666667,0,6.7175144212722,0.000853182589824813,0.00247899067115212,"Q32PD0.1","rRNA-processing protein FCF1 homolog",0.087962962962963,0.00925925925925926,0.0972222222222222
266242,"lcl|TRINITY_DN22912_c0_g1_i1:76-468",246,"A",182,"A",54,0,1,0,55,85,0,0,0,85,36,0,34,0,70,82,0,0,0,82,71,0,0,0,71,55,0,0,0,55,"ATT","GTT","Ile","Val",0,"T","T",383,0,35,0,"G",35,0.0181818181818182,0,0.485714285714286,0,0,0,18.1827458019398,0.000102819440312221,0.000311728153738063,"Q8TDP1.1","Ribonuclease H2 subunit C (RNase H2 subunit C) (Aicardi-Goutieres syndrome 3 protein) (AGS3) (RNase H1 small subunit) (Ribonuclease HI subunit C)",0.155844155844156,0.00606060606060606,0.161904761904762
277038,"lcl|TRINITY_DN2478_c8_g1_i1:c216-1",28,"A",129,"A",14,0,1,0,15,14,0,0,0,14,13,0,0,0,13,8,0,0,0,8,1,0,4,0,5,8,0,0,0,8,"GAG","GGG","Glu","Gly",1,"G","G",58,0,5,0,"G",5,0.0666666666666667,0,0,0,0.8,0,7.77817459305202,0.000609259875041565,0.00178790887621363,"P16423.1","Retrovirus-related Pol polyprotein from type-2 retrotransposable element R2DM (Retrovirus-related Pol polyprotein from type II retrotransposable element R2DM) [Includes: Protease (EC 3.4.23.-); Reverse transcriptase (EC 2.7.7.49); Endonuclease]",0.244444444444444,0.0222222222222222,0.266666666666667
277049,"lcl|TRINITY_DN43482_c0_g1_i1:61-525",78,"A",20,"A",11,0,1,0,12,31,0,2,0,33,1,0,1,0,2,12,0,0,0,12,18,0,4,0,22,15,0,0,0,15,"AGT","GGT","Ser","Gly",0,"T","G",88,0,8,0,"G",8,0.0833333333333334,0.0606060606060606,0.5,0,0.181818181818182,0,5.09750292618594,0.00157073102434414,0.0044576201555251,"P10073.2","Zinc finger and SCAN domain-containing protein 22 (Krueppel-related zinc finger protein 2) (Protein HKR2) (Zinc finger protein 50)",0.179292929292929,0.047979797979798,0.227272727272727
277251,"lcl|TRINITY_DN43482_c0_g1_i1:61-525",166,"A",25,"A",11,0,0,0,11,43,0,3,0,46,8,0,0,3,11,13,2,2,2,19,15,0,2,0,17,19,1,0,0,20,"AAG","AGG","Lys","Arg",1,"A","G",109,3,7,5,"G",7,0,0.0652173913043478,0.272727272727273,0.315789473684211,0.117647058823529,0.05,7.07080265292626,0.000766770507009223,0.00223559001518925,"Q8BY02.3","NF-kappa-B-repressing factor (NFkB-repressing factor) (Transcription factor NRF)",0.196982137976888,0.0384057971014493,0.235387935078338
310605,"lcl|TRINITY_DN10440_c1_g2_i2:247-495",40,"A",59,"A",31,0,2,0,33,42,0,2,0,44,3,0,0,0,3,52,0,1,1,54,28,0,14,0,42,41,1,2,0,44,"CAA","CGA","Gln","Arg",1,"C","A",197,1,21,1,"G",21,0.0606060606060606,0.0454545454545454,0,0.0370370370370371,0.333333333333333,0.0681818181818182,6.91909659617719,0.000801772869668703,0.00233476600788333,"Q7TN73.1","N-acetylneuraminate 9-O-acetyltransferase (EC 2.3.1.45) (CAS1 domain-containing protein 1) (Sialate O-acetyltransferase) (SOAT)",0.0653759820426488,0.0580808080808081,0.123456790123457
319840,"lcl|TRINITY_DN32857_c0_g3_i1:c217-2",85,"A",27,"A",4,0,0,0,4,10,0,2,0,12,0,0,3,0,3,16,0,0,0,16,9,0,0,0,9,5,0,0,0,5,"CAT","CGT","His","Arg",1,"C","T",44,0,5,0,"G",5,0,0.166666666666667,1,0,0,0,3.53553390593274,0.00344773272195873,0.00938468242546324,"P14381.1","Transposon TX1 uncharacterized 149 kDa protein (ORF 2)",0.277777777777778,0.0555555555555555,0.333333333333333
330366,"lcl|TRINITY_DN26251_c1_g1_i4:17-634",219,"A",62,"A",30,0,3,0,33,36,0,4,0,40,9,0,0,0,9,55,0,4,0,59,49,0,5,0,54,33,0,3,0,36,"ATC","GTC","Ile","Val",0,"C","T",212,0,19,0,"G",19,0.0909090909090909,0.1,0,0.0677966101694916,0.0925925925925926,0.0833333333333334,5.56997909304985,0.00129289977073452,0.00369980085347313,"Q4KLI1.1","Zinc finger protein with KRAB and SCAN domains 1",0.0379510738267801,0.0914141414141414,0.0534630675873614
333994,"lcl|TRINITY_DN75977_c0_g1_i1:27-230",76,"A",17,"A",11,1,0,1,13,32,0,2,0,34,10,0,7,0,17,13,0,5,0,18,7,1,7,0,15,21,0,0,0,21,"GAA","GGA","Glu","Gly",1,"G","A",94,2,21,1,"G",21,0.153846153846154,0.0588235294117647,0.411764705882353,0.277777777777778,0.533333333333333,0,5.31259764210687,0.00142962774987312,0.00407415603298314,"Q9NXN4.1","Ganglioside-induced differentiation-associated protein 2",0.336735377911848,0.0708898944193062,0.407625272331155
349083,"lcl|TRINITY_DN16477_c0_g2_i1:c308-3",96,"A",314,"A",48,0,0,0,48,91,0,0,0,91,1,0,1,0,2,78,0,0,0,78,86,0,0,0,86,48,0,1,0,49,"AGA","GGA","Arg","Gly",0,"C","G",352,0,2,0,"G",2,0,0,0.5,0,0,0.0204081632653061,16.6170093578838,0.000117039150142635,0.00035409748187961,"Q9CQE6.1","Histone chaperone ASF1A (Anti-silencing function protein 1 homolog A)",0.159863945578231,0.00680272108843538,0.166666666666667
